estacion;codigo;lat;lon;ene-19;feb-19;mar-19;abr-19;may-19;jun-19;jul-19;ago-19;sept-19;oct-19;nov-19;dic-19
NOVICIADO;38;40.424950553281505;-3.707424170313474;174.370;150.850;160.507;139.628;132.729;160.411;142.519;103.402;167.925;197.065;193.102;172.701
ESTRELLA;175;40.41158434565092;-3.6617900023489334;181.538;169.914;176.514;157.053;165.011;163.263;135.382;90.476;160.069;190.761;184.026;174.584
CAMPAMENTO;102;40.39589626707791;-3.768651982719783;168.906;166.402;182.282;162.152;171.648;161.709;144.883;112.447;161.787;189.377;181.591;171.398
USERA;109;40.38795952952184;-3.707294124757098;430.276;431.043;461.387;430.787;453.540;447.071;419.298;342.659;426.532;479.141;463.295;462.296
EL BERCIAL;230;40.3312370169548;-3.730737791874633;60.376;50.404;53.224;47.034;51.611;52.353;48.663;35.737;50.202;56.386;57.801;60.466
HOSPITAL 12 DE OCTUBRE;268;40.37606766579766;-3.696334831051624;161.497;164.010;177.605;159.867;167.192;166.660;153.339;115.084;158.547;190.572;180.254;161.610
ALMENDRALES;267;40.384966699675886;-3.6982855143972593;202.264;194.913;209.687;192.103;206.875;205.867;189.241;142.406;194.803;228.555;218.058;210.485
TRES OLIVOS;274;40.49970950058387;-3.69438414770599;84.168;83.877;90.000;79.255;83.846;83.263;71.159;44.080;81.528;97.126;88.775;79.804
PEÑAGRANDE;150;40.47506058928626;-3.7153096599591597;198.757;191.563;206.009;184.733;192.521;187.676;167.311;117.505;180.354;213.545;200.236;185.777
HERRERA ORIA;161;40.48357117327297;-3.706892165764664;150.697;149.702;159.209;139.275;146.803;144.743;116.831;67.853;133.097;163.623;152.617;137.450
ARGÜELLES;52;40.43070667440115;-3.7159362430944247;795.485;785.660;815.233;719.466;739.787;709.493;618.583;386.223;716.505;865.279;836.932;741.955
ARGÜELLES;54;40.430644875554776;-3.7159244207711177;795.485;785.660;815.233;719.466;739.787;709.493;618.583;386.223;716.505;865.279;836.932;741.955
ARGÜELLES;126;40.430574248301774;-3.7159244207711177;795.485;785.660;815.233;719.466;739.787;709.493;618.583;386.223;716.505;865.279;836.932;741.955
CALLAO;88;40.420280326176766;-3.705709933433977;881.623;858.772;928.693;864.937;911.763;810.901;767.615;619.968;792.172;885.299;932.322;1.042.608
CALLAO;49;40.42032446820989;-3.705709933433977;881.623;858.772;928.693;864.937;911.763;810.901;767.615;619.968;792.172;885.299;932.322;1.042.608
HORTALEZA;264;40.47415126340386;-3.6519301847109995;105.520;102.272;109.129;95.366;103.230;99.965;86.575;63.794;97.636;115.224;109.465;101.881
PITIS;154;40.493918065837725;-3.7251931222437085;56.262;56.986;59.461;49.283;50.262;47.622;43.913;27.540;44.519;53.803;49.666;42.603
PUERTA DE TOLEDO;91;40.40752327860332;-3.7112546030649014;168.372;167.109;175.200;156.489;160.400;157.636;136.132;101.487;160.149;191.844;180.814;161.557
LA MORALEJA;279;40.52950537294399;-3.634350389953675;119.381;116.490;125.258;109.492;116.084;113.422;97.469;62.065;107.836;127.467;118.342;97.274
FUENLABRADA CENTRAL;221;40.2862209715728;-3.8008559914077127;204.562;207.273;223.321;194.824;195.863;184.443;159.114;117.476;204.936;234.101;215.948;179.813
CARTAGENA;140;40.43895240618911;-3.671909911099619;129.614;129.766;138.834;126.008;128.746;127.400;114.293;72.489;123.823;145.733;138.433;118.771
PLAZA DE ESPAÑA;197;40.42422662393824;-3.7097177010350073;754.745;753.935;831.818;750.249;771.513;720.620;640.798;499.143;713.123;857.106;825.329;808.501
PLAZA DE ESPAÑA;50;40.423573321847975;-3.7112309584182874;754.745;753.935;831.818;750.249;771.513;720.620;640.798;499.143;713.123;857.106;825.329;808.501
ISLAS FILIPINAS;145;40.43892592096923;-3.7136072454029696;370.659;387.075;392.288;339.049;335.211;320.236;266.579;150.923;342.714;432.339;398.980;318.279
IBIZA;173;40.41846167441197;-3.6785658791213907;154.602;156.789;181.011;157.951;170.981;198.082;138.818;105.352;152.177;177.033;159.541;148.228
ALVARADO;5;40.449908458811;-3.7030380883666227;180.102;176.131;188.525;173.909;181.023;174.629;159.554;117.788;165.558;195.710;190.542;186.128
SEVILLA;34;40.418249792652965;-3.6993022342016504;0;0;0;0;7.771;97.893;102.471;64.343;98.036;120.383;123.723;138.902
BANCO DE ESPAÑA;33;40.41937100029437;-3.694987086194641;265.415;0;0;0;9.632;258.249;254.633;184.391;280.535;331.455;327.348;373.610
ESTRECHO;4;40.45377530091285;-3.7027070633140307;440.145;431.795;468.014;431.439;450.008;428.991;390.020;279.382;415.213;486.271;468.263;435.206
CUATRO CAMINOS;121;40.4466154631398;-3.7036292045319668;614.662;610.624;652.919;579.823;611.921;606.863;537.288;387.610;622.096;707.372;675.057;622.629
CUATRO CAMINOS;6;40.4466154631398;-3.7037356054417288;614.662;610.624;652.919;579.823;611.921;606.863;537.288;387.610;622.096;707.372;675.057;622.629
CUATRO CAMINOS;42;40.4466154631398;-3.703688316148501;614.662;610.624;652.919;579.823;611.921;606.863;537.288;387.610;622.096;707.372;675.057;622.629
MANUEL BECERRA;116;40.427731501368456;-3.669072553505969;396.526;373.845;392.140;351.349;370.096;384.738;339.288;228.621;373.644;447.984;420.684;375.195
MANUEL BECERRA;29;40.427731501368456;-3.669119842799197;396.526;373.845;392.140;351.349;370.096;384.738;339.288;228.621;373.644;447.984;420.684;375.195
PUENTE DE VALLECAS;19;40.39861541631848;-3.669214421385652;352.736;341.574;374.021;346.646;363.383;356.155;333.685;264.695;336.269;387.079;374.976;369.048
JARAMA;291;40.42215194838131;-3.5249938993650742;39.652;41.052;42.447;37.949;42.019;41.143;31.165;20.801;40.212;47.089;42.570;37.890
CANAL;144;40.438519814264474;-3.704740502922813;265.379;268.903;283.203;246.321;249.501;261.247;228.411;141.020;256.122;309.907;293.033;250.361
CANAL;41;40.438228476845836;-3.70418485372739;265.379;268.903;283.203;246.321;249.501;261.247;228.411;141.020;256.122;309.907;293.033;250.361
PALOS DE LA FRONTERA;45;40.40354166721535;-3.694419614675911;239.771;229.750;241.042;215.651;224.108;225.882;207.281;149.090;221.677;263.169;252.710;233.248
PUEBLO NUEVO;137;40.43518267656014;-3.64254326000534;340.978;331.143;359.718;325.082;344.576;335.365;312.940;238.280;316.931;364.405;351.129;344.277
PUEBLO NUEVO;78;40.435217990186636;-3.64254326000534;340.978;331.143;359.718;325.082;344.576;335.365;312.940;238.280;316.931;364.405;351.129;344.277
SIERRA DE GUADALUPE;25;40.3826624855467;-3.6248807089848674;225.421;224.931;238.634;214.431;220.526;207.041;189.386;144.328;208.582;242.325;233.450;221.544
FUENCARRAL;187;40.4936973556721;-3.692066972337842;131.409;128.625;139.728;126.239;134.190;135.388;122.413;90.417;131.450;152.465;143.081;132.931
VALDEACEDERAS;2;40.463663116333095;-3.694620594172127;241.157;234.990;252.444;231.999;241.775;236.145;214.656;155.829;229.093;269.730;260.168;241.936
PAN BENDITO;208;40.377118246186065;-3.7347810264455843;55.544;54.233;57.014;52.627;53.600;50.131;46.032;36.216;48.130;55.915;54.924;53.390
LAGUNA;104;40.400080931818266;-3.744688133376746;187.394;190.719;206.454;184.709;195.188;185.715;170.983;128.235;189.576;221.099;211.825;188.371
PARQUE DE LOS ESTADOS;222;40.29022023977403;-3.7888208662813128;106.773;103.728;112.639;101.184;108.727;104.620;93.571;68.722;102.578;113.633;105.715;97.086
JUAN DE LA CIERVA;227;40.31426881942112;-3.7235025300108244;170.634;168.023;183.582;162.963;171.833;164.246;142.648;103.470;163.092;188.499;180.616;165.816
EL CARRASCAL;231;40.33871467736636;-3.741247837294445;160.929;129.799;141.487;134.564;139.464;149.091;141.235;109.155;138.602;148.693;150.160;170.323
CASA DEL RELOJ;233;40.329003430078615;-3.7606837368109494;100.937;98.398;107.604;99.664;104.165;102.683;88.809;76.712;98.150;111.199;110.681;99.375
EL CAPRICHO;253;40.452380412666066;-3.593433328988578;63.675;62.273;71.531;61.401;67.244;63.887;51.392;35.857;58.558;70.925;67.826;67.788
VILLA DE VALLECAS;26;40.380128732845264;-3.621475879872487;154.036;147.975;159.791;144.862;153.304;156.357;146.001;113.589;156.024;180.697;173.263;167.104
VALDEBERNARDO;179;40.40016921588452;-3.621546813812329;180.476;178.611;190.415;167.026;172.980;169.095;136.544;89.848;165.457;198.955;187.868;172.589
COLOMBIA;167;40.4567681307588;-3.6765324395126076;388.512;386.966;413.124;368.094;382.266;362.544;314.552;194.927;371.270;436.983;407.910;360.628
COLOMBIA;156;40.45563809471077;-3.6764260386028456;388.512;386.966;413.124;368.094;382.266;362.544;314.552;194.927;371.270;436.983;407.910;360.628
LAS MUSAS;132;40.43237524325332;-3.607525538370374;113.094;120.924;125.802;111.054;115.803;112.415;88.995;58.744;109.982;129.319;118.974;105.534
VENTAS;81;40.4306183903349;-3.6634214829652825;244.387;231.024;255.058;237.165;326.376;315.236;215.675;161.802;254.713;295.375;262.276;251.978
VENTAS;28;40.4306183903349;-3.6634805945818165;244.387;231.024;255.058;237.165;326.376;315.236;215.675;161.802;254.713;295.375;262.276;251.978
PLAZA DE CASTILLA;190;40.466055614528536;-3.6886030316089276;1.188.809;1.175.766;1.265.008;1.138.972;1.187.173;1.188.184;1.114.316;766.984;1.173.850;1.357.483;1.267.597;1.119.132
PLAZA DE CASTILLA;1;40.466055614528536;-3.6886976101953826;1.188.809;1.175.766;1.265.008;1.138.972;1.187.173;1.188.184;1.114.316;766.984;1.173.850;1.357.483;1.267.597;1.119.132
PLAZA DE CASTILLA;164;40.466055614528536;-3.6886503209021555;1.188.809;1.175.766;1.265.008;1.138.972;1.187.173;1.188.184;1.114.316;766.984;1.173.850;1.357.483;1.267.597;1.119.132
PUERTA DE ARGANDA;182;40.40128159511929;-3.595868727589795;241.565;250.620;254.364;217.198;222.105;208.463;172.997;119.637;211.196;251.578;229.816;196.014
FERIA DE MADRID;158;40.46270964841757;-3.6155883628656635;312.588;234.305;260.454;194.272;193.893;198.701;159.725;97.370;220.429;283.275;208.184;255.077
EUGENIA DE MONTIJO;99;40.385575859733024;-3.7517933496841787;124.959;122.587;132.847;117.155;126.862;120.210;103.370;75.836;116.758;137.530;132.586;127.752
LA FORTUNA;305;40.359849882827135;-3.77880735844039;56.048;51.816;58.468;54.895;56.723;56.870;54.180;43.998;53.555;59.022;57.214;58.197
ALSACIA;323;40.41805556770721;-3.623331984631667;154.051;131.387;140.497;125.300;131.649;145.044;128.067;96.622;142.571;166.899;162.682;168.309
LA ALMUDENA;322;40.42336144008897;-3.6389610960433565;97.425;81.093;85.876;76.787;83.629;93.032;84.309;63.171;92.170;109.139;106.480;107.721
PROSPERIDAD;65;40.44371974576673;-3.6745344668737454;185.181;176.431;186.815;166.502;172.991;168.944;151.599;100.872;156.308;193.530;188.570;172.748
ARTURO SORIA;68;40.455020106247005;-3.655736972815813;184.407;180.814;191.025;170.311;177.511;173.933;147.155;93.513;161.838;172.973;164.735;140.986
CANILLAS;70;40.46272730523082;-3.635024262382167;223.113;212.601;226.680;204.646;205.639;202.886;177.752;116.736;189.622;226.338;214.793;211.530
CIUDAD LINEAL;77;40.43749571909594;-3.6378379753292034;303.707;298.285;318.765;291.169;297.505;288.358;265.552;190.097;279.003;334.255;324.448;292.904
LA LATINA;90;40.41166380131055;-3.708310844561489;288.420;292.823;319.441;287.474;303.864;278.537;236.033;208.302;269.508;323.298;319.961;316.702
CARABANCHEL;98;40.38890416903074;-3.745397472775158;191.611;188.521;203.311;184.454;198.763;194.071;177.315;133.259;183.321;213.214;205.822;196.805
LISTA;62;40.429002791922485;-3.6752792732420785;145.179;147.087;155.922;139.349;139.557;132.611;114.097;64.081;124.083;151.845;145.955;126.342
LAGO;199;40.41686373281281;-3.7358095685732824;71.984;88.125;99.839;101.305;100.315;115.178;97.478;70.124;88.015;124.411;91.544;74.738
SOL;12;40.41711975660494;-3.7033336464492947;2.214.386;1.876.554;2.004.813;1.822.923;1.786.767;1.992.721;1.920.247;1.525.369;2.023.275;2.338.567;2.359.365;2.511.952
SOL;35;40.41709327138506;-3.7033336464492947;2.214.386;1.876.554;2.004.813;1.822.923;1.786.767;1.992.721;1.920.247;1.525.369;2.023.275;2.338.567;2.359.365;2.511.952
SOL;48;40.41705795775856;-3.7033336464492947;2.214.386;1.876.554;2.004.813;1.822.923;1.786.767;1.992.721;1.920.247;1.525.369;2.023.275;2.338.567;2.359.365;2.511.952
NUEVOS MINISTERIOS;120;40.44620052802841;-3.6921497286009908;1.622.249;1.628.280;1.706.969;1.513.873;1.545.851;1.374.740;1.251.865;826.457;1.415.090;1.673.169;1.554.440;1.396.065
NUEVOS MINISTERIOS;193;40.44616521440191;-3.6921497286009908;1.622.249;1.628.280;1.706.969;1.513.873;1.545.851;1.374.740;1.251.865;826.457;1.415.090;1.673.169;1.554.440;1.396.065
NUEVOS MINISTERIOS;155;40.44613872918204;-3.6921497286009908;1.622.249;1.628.280;1.706.969;1.513.873;1.545.851;1.374.740;1.251.865;826.457;1.415.090;1.673.169;1.554.440;1.396.065
EMPALME;101;40.39172925915081;-3.765909203712588;114.671;113.092;120.602;107.011;114.439;110.293;95.846;67.323;107.641;125.708;121.033;115.550
GETAFE CENTRAL;226;40.31250313809608;-3.7353603202876213;275.873;268.020;289.455;257.735;270.336;262.981;226.690;165.753;265.802;306.193;289.830;263.908
TRIBUNAL;10;40.42623067224216;-3.7010755826976816;543.799;531.285;571.394;508.995;539.244;522.044;457.972;332.959;536.697;596.289;577.949;544.199
TRIBUNAL;196;40.42604527570303;-3.7020568355321526;543.799;531.285;571.394;508.995;539.244;522.044;457.972;332.959;536.697;596.289;577.949;544.199
CARPETANA;105;40.39366268020173;-3.741448816790662;284.120;279.200;306.878;279.434;300.890;292.107;275.072;213.470;290.592;333.502;314.188;294.939
OPAÑEL;107;40.387871245455585;-3.7235852862739733;199.776;198.283;213.610;196.345;205.425;199.664;180.612;135.189;197.768;231.706;219.107;203.935
CONDE DE CASAL;113;40.40722311277807;-3.670479409979487;479.250;485.714;516.431;461.728;479.624;473.786;425.545;291.456;481.919;567.757;526.222;460.356
VICENTE ALEIXANDRE;123;40.446182871215164;-3.719234671297043;154.168;198.430;202.674;166.449;157.286;119.547;99.926;42.368;211.695;238.445;221.351;140.355
ALTO DE EXTREMADURA;129;40.4105249368559;-3.7391907530390487;196.038;195.310;206.064;188.718;195.664;187.404;170.372;122.958;192.457;226.748;218.162;193.204
TIRSO DE MOLINA;13;40.41268789647908;-3.704787792216041;348.906;350.917;385.179;347.935;361.741;343.762;301.239;236.654;323.372;386.789;368.296;353.138
LAS TABLAS;276;40.50654268731179;-3.668505081987239;168.363;168.869;178.627;158.384;168.752;167.015;140.236;86.605;158.355;189.173;178.867;151.541
CASA DE CAMPO;103;40.40411551364599;-3.7614167208559754;120.557;123.593;138.571;125.034;131.348;127.129;111.013;89.391;122.568;144.715;129.981;121.670
CASA DE CAMPO;201;40.404080200019486;-3.7614167208559754;120.557;123.593;138.571;125.034;131.348;127.129;111.013;89.391;122.568;144.715;129.981;121.670
CIUDAD UNIVERSITARIA;124;40.44341075153484;-3.7266472680104537;379.202;559.338;553.155;433.193;388.920;316.188;203.943;58.980;553.925;686.387;587.754;374.444
VINATEROS;176;40.41033071191014;-3.6527222803725596;181.435;176.399;186.152;164.462;171.944;164.747;133.886;88.424;160.749;199.055;190.530;173.620
ARTILLEROS;177;40.40535149057352;-3.6418102759603137;218.325;211.717;226.579;202.401;212.449;207.869;176.338;120.985;200.084;240.002;229.813;215.095
NUEVA NUMANCIA;20;40.39598455114416;-3.6643081572132985;355.158;342.439;374.099;343.691;360.925;355.486;332.914;263.050;342.070;390.202;375.810;376.792
SAN CIPRIANO;181;40.40376237738098;-3.6022882491454284;67.736;64.428;68.050;61.842;64.253;64.417;56.651;39.750;60.469;72.671;70.769;68.516
ALAMEDA DE OSUNA;252;40.45658273421967;-3.586895584199876;124.832;122.022;132.303;118.272;124.740;123.160;109.288;75.297;113.722;136.787;129.007;122.498
ESTACIÓN DEL ARTE;15;40.40919184745549;-3.692610799209959;219.371;224.514;265.060;248.096;238.029;228.203;217.005;163.658;219.770;246.778;239.118;247.538
LA GAVIA;293;40.37086773429541;-3.6136967911365634;97.576;95.868;101.509;91.173;94.783;94.789;87.394;62.956;95.887;115.358;108.711;101.923
GOYA;30;40.424473819323744;-3.6758231001141954;599.621;488.297;489.996;440.544;463.891;545.594;471.878;331.078;502.450;593.463;596.264;619.128
GOYA;61;40.424738671522505;-3.6767688859787455;599.621;488.297;489.996;440.544;463.891;545.594;471.878;331.078;502.450;593.463;596.264;619.128
RETIRO;32;40.420377438649645;-3.6862385669475524;194.709;151.577;177.840;152.476;162.643;279.242;229.460;180.256;228.535;250.803;217.866;220.943
SANTO DOMINGO;37;40.42149864629105;-3.708003464155511;145.866;103.809;110.103;97.411;94.380;130.622;121.547;95.844;134.640;157.836;157.986;165.457
SAN BERNARDO;39;40.43000923027776;-3.705520776261067;248.806;248.535;254.532;225.012;226.542;220.666;209.530;147.359;258.981;277.986;266.313;229.214
SAN BERNARDO;55;40.42966492241938;-3.705627177170829;248.806;248.535;254.532;225.012;226.542;220.666;209.530;147.359;258.981;277.986;266.313;229.214
LAS SUERTES;294;40.36397274872112;-3.5997700942810633;172.171;154.334;165.413;153.201;160.698;163.730;150.454;119.591;158.221;179.848;178.169;187.829
VALDECARROS;295;40.36084749277579;-3.5934096843419647;69.930;68.264;72.926;66.019;70.250;69.764;64.823;48.043;69.648;84.077;78.903;75.169
IGLESIA;8;40.43477656985538;-3.6988529859159893;326.652;317.751;335.662;305.814;320.881;306.612;261.258;163.583;293.701;368.516;358.478;309.315
CUZCO;191;40.45775691230082;-3.6894660612103296;328.192;322.658;342.544;311.773;317.588;321.422;297.592;185.061;312.828;377.288;349.339;297.035
PUERTA DEL SUR;205;40.347622539651205;-3.8133758317896937;239.249;235.586;257.149;232.264;247.112;240.917;212.620;150.110;235.362;276.113;257.763;235.134
PUERTA DEL SUR;209;40.347807936190335;-3.813754146135514;239.249;235.586;257.149;232.264;247.112;240.917;212.620;150.110;235.362;276.113;257.763;235.134
ABRANTES;207;40.381947384610065;-3.728444261153099;73.524;71.418;78.021;71.509;73.924;71.618;64.704;50.020;66.286;77.492;76.520;72.845
PORTAZGO;21;40.393132975804214;-3.658858066168828;205.906;197.098;212.774;196.450;202.128;201.943;186.533;141.568;195.695;225.079;217.132;230.177
SAN BLAS;133;40.42751961960945;-3.6151745815499226;112.585;119.092;126.736;114.328;119.214;111.349;97.877;72.547;110.909;129.475;123.200;110.744
SIMANCAS;134;40.427572590049195;-3.6254600028269044;172.282;170.200;186.189;171.933;181.099;173.600;161.391;126.098;167.685;190.148;183.308;176.290
PARQUE OESTE;212;40.34852303712698;-3.850746195762728;81.504;75.867;83.608;70.791;74.489;72.872;65.217;51.912;81.979;92.117;95.632;92.637
UNIVERSIDAD REY JUAN CARLOS;213;40.33813200252909;-3.8738233708577496;113.911;129.696;128.453;107.013;101.163;94.620;67.468;42.173;126.347;158.064;140.624;98.736
PRADILLO;215;40.324907049404516;-3.86667086525709;131.849;127.449;141.113;128.258;138.794;135.041;115.622;87.376;127.590;147.933;141.251;136.551
CONSERVATORIO;224;40.2962323846858;-3.7473363337974863;66.994;65.038;69.250;61.473;65.716;63.650;50.778;35.223;61.324;71.438;67.543;61.265
LORANCA;218;40.30033759376653;-3.839656856500879;128.969;122.156;132.500;118.324;128.481;123.240;104.186;76.053;126.648;142.256;129.045;118.825
HOSPITAL DE FUENLABRADA;219;40.28935505592476;-3.81842396384173;115.232;129.518;140.592;113.280;94.845;78.945;51.954;33.959;140.822;167.913;148.999;91.375
PARQUE EUROPA;220;40.28871941064774;-3.8082804104444303;92.110;90.486;95.804;84.275;91.466;84.973;73.681;52.881;84.830;98.136;91.744;79.659
QUEVEDO;40;40.43314331462971;-3.704243965343924;258.425;228.419;237.117;206.180;194.482;225.682;210.049;141.480;232.507;273.626;266.705;239.704
ARROYO CULEBRO;223;40.29188880862619;-3.758496606999177;30.619;30.460;32.169;28.420;30.658;29.977;24.192;15.955;29.717;34.331;31.486;28.162
ALONSO DE MENDOZA;225;40.30358644740461;-3.7380794546482026;87.238;84.708;88.311;78.846;84.378;80.239;67.079;48.728;80.407;94.683;90.329;79.770
LOS ESPARTALES;229;40.32641670693743;-3.719305605236884;60.020;55.653;61.370;54.688;58.190;54.994;44.640;34.255;58.516;64.814;59.302;58.293
ALTO DEL ARENAL;23;40.39022843002452;-3.64538061759899;174.338;164.942;179.692;166.635;175.985;170.344;158.259;127.125;163.894;187.363;182.543;183.451
DELICIAS;44;40.40043406808327;-3.694419614675911;338.015;327.717;349.498;312.584;331.071;331.281;313.230;219.795;325.839;398.455;369.263;333.596
SAN NICASIO;236;40.33847631038748;-3.7770931215608927;99.138;99.570;106.937;96.198;103.364;100.450;87.721;61.760;100.919;121.580;107.919;96.264
SAN FRANCISCO;254;40.37492880134301;-3.7397582245577787;93.631;90.202;98.206;86.893;89.930;90.510;83.250;63.185;85.405;99.931;98.094;95.834
PINAR DEL REY;258;40.46690314156455;-3.6480879296362643;147.981;147.531;158.699;141.733;149.837;144.568;128.099;89.003;141.000;164.607;156.294;140.718
LA ELIPA;260;40.42636309834155;-3.6503459933878775;244.233;202.171;217.090;192.347;203.219;228.621;209.797;159.303;230.718;262.694;256.771;254.287
ESTADIO METROPOLITANO;286;40.43273720792495;-3.5997700942810633;75.953;89.451;82.476;90.826;58.503;120.584;104.109;38.554;99.042;88.931;64.000;87.512
BUENOS AIRES;22;40.392029424976066;-3.6540818475528507;146.456;140.066;153.151;139.503;148.557;147.279;132.674;101.549;142.244;164.874;160.247;165.666
PAVONES;178;40.40069892028203;-3.635142485615236;181.753;171.662;184.225;164.137;171.699;174.424;151.203;103.552;169.061;202.822;189.782;169.048
VILLAVERDE ALTO;273;40.34304059661272;-3.7128860836812505;238.080;233.508;255.806;232.802;246.009;243.833;235.084;179.947;235.233;270.181;260.994;242.951
MANUELA MALASAÑA;217;40.31250313809608;-3.865961525858677;73.196;72.434;79.684;71.341;77.005;73.154;63.703;45.721;73.537;86.302;80.578;71.792
BEGOÑA;188;40.47928056765311;-3.6852218471431613;319.463;325.043;346.599;315.050;319.614;320.954;297.854;206.212;313.934;376.331;344.697;292.339
BAUNATAL;282;40.55152341906729;-3.633700162171797;64.266;64.078;66.886;60.126;64.791;62.754;53.127;37.626;60.203;72.417;66.663;59.769
MIRASIERRA;326;40.48992762604313;-3.715676151981673;89.905;89.825;93.227;79.576;84.292;85.361;70.213;42.094;83.142;99.769;93.334;82.926
ASCAO;136;40.42982383373863;-3.6408172008025357;186.487;191.005;205.234;189.235;200.486;188.350;170.518;122.203;180.628;210.153;198.521;180.591
EL CASAR;228;40.32088129598342;-3.7109826896288434;129.663;130.145;142.481;124.602;130.431;135.781;114.221;82.680;140.787;161.375;150.536;129.977
ARGANZUELA-PLANETARIO;259;40.39373330745473;-3.6889104120149065;123.395;124.050;129.756;114.423;123.875;118.020;96.278;58.931;119.830;144.158;127.290;106.335
CARABANCHEL ALTO;255;40.37344562902997;-3.7526327346389667;88.060;86.648;93.619;82.932;89.083;86.839;74.768;57.851;83.376;98.310;95.585;89.926
AVENIDA DE GUADALAJARA;324;40.422019522281936;-3.6118170417307702;107.323;95.880;100.345;88.104;93.518;99.323;81.362;57.235;101.432;120.486;116.214;114.905
LAS ROSAS;325;40.42329964124259;-3.6030212331904545;109.502;97.597;102.918;91.031;95.138;110.082;89.002;58.491;106.075;120.680;114.354;118.037
LA PESETA;256;40.365853199332285;-3.75772815598423;83.038;80.929;87.420;76.128;77.559;76.143;65.652;46.635;71.706;85.967;82.558;78.464
LUCERO;130;40.405837052937905;-3.745669386211217;283.817;273.673;297.139;270.207;287.341;283.763;261.257;197.962;278.809;322.926;310.168;296.530
LACOMA;152;40.48401259360423;-3.7224503432365132;102.850;104.587;111.464;95.251;98.150;95.588;82.591;52.303;92.509;109.753;104.123;96.944
VALDEZARZA;148;40.46418399232399;-3.7155815733952178;116.001;115.185;123.346;108.933;113.195;109.964;96.327;68.366;108.313;123.723;118.179;112.618
MONCLOA;53;40.43499728002101;-3.719376539176725;1.685.405;1.776.573;1.876.213;1.652.694;1.715.605;1.667.238;1.541.162;1.052.475;1.816.464;2.097.449;1.930.335;1.645.470
MONCLOA;125;40.434944309581255;-3.719376539176725;1.685.405;1.776.573;1.876.213;1.652.694;1.715.605;1.667.238;1.541.162;1.052.475;1.816.464;2.097.449;1.930.335;1.645.470
MANOTERAS;265;40.475678577750024;-3.6622628952812084;81.449;78.971;84.953;75.530;79.126;76.904;65.958;48.309;74.294;88.539;85.190;80.720
CONGOSTO;27;40.37304835073184;-3.619075948241192;125.412;122.456;132.376;119.197;127.600;123.686;111.451;79.806;121.834;142.508;134.243;127.611
BARAJAS;160;40.47417774862373;-3.581729228914771;181.071;172.889;187.709;170.739;179.329;174.766;163.092;124.053;172.706;200.076;184.181;172.361
HOSPITAL SEVERO OCHOA;234;40.324324374567254;-3.769325855148275;69.483;67.363;73.830;66.159;71.474;69.312;59.713;42.512;63.389;75.920;73.491;64.419
MANUEL DE FALLA;281;40.54772720421844;-3.645498840832059;68.954;68.528;74.053;64.970;68.808;67.430;56.387;45.570;65.125;77.301;72.002;63.854
LA GRANJA;278;40.52536485023676;-3.65745120969531;58.627;58.800;62.912;59.690;61.847;59.883;57.172;40.530;56.957;66.560;61.384;51.708
COSLADA CENTRAL;288;40.42307893107696;-3.560780072014987;187.096;189.687;197.605;177.853;184.577;183.421;159.279;105.047;180.110;212.467;197.929;178.943
ALONSO CANO;143;40.43816667799946;-3.6990894323821264;182.850;185.822;193.483;173.649;176.259;171.680;152.900;90.461;172.526;203.741;191.410;160.851
ANTONIO MACHADO;149;40.469481036299115;-3.717248520981488;127.185;127.247;135.450;118.178;123.037;117.494;96.730;64.027;114.987;134.840;129.099;121.229
BARRIO DEL PILAR;162;40.47592577313553;-3.7026124847275756;300.196;276.623;291.836;264.655;276.060;276.026;249.073;178.136;258.549;310.445;290.299;288.855
CUATRO VIENTOS;203;40.37929003421587;-3.792320273980148;192.739;199.407;228.951;197.182;211.522;214.116;182.365;116.271;195.413;253.124;230.867;197.028
CONCHA ESPINA;168;40.450844269913276;-3.6770289770914966;141.581;139.923;154.656;129.873;129.747;128.640;101.792;59.901;126.228;146.514;144.959;124.886
VENTILLA;163;40.468580538823346;-3.695389045187074;112.348;108.616;116.948;108.479;112.183;111.775;98.658;70.644;106.337;125.929;121.017;109.556
DUQUE DE PASTRANA;165;40.4667089166188;-3.6786604577078457;56.104;57.368;59.945;51.498;56.669;57.295;41.050;20.732;53.164;66.031;62.683;50.536
MAR DE CRISTAL;157;40.468209745745085;-3.6377079297728274;281.716;266.813;283.697;252.524;268.979;262.365;234.746;163.840;259.219;305.376;283.920;262.026
MAR DE CRISTAL;71;40.46824505937159;-3.6377079297728274;281.716;266.813;283.697;252.524;268.979;262.365;234.746;163.840;259.219;305.376;283.920;262.026
HOSPITAL DEL HENARES;296;40.41695201687906;-3.534097088311369;18.516;18.789;19.572;17.714;17.755;17.458;16.165;10.555;16.329;19.275;19.312;16.584
PARQUE DE LAS AVENIDAS;139;40.439005376628856;-3.6627003212435634;125.019;125.666;132.989;118.926;125.832;119.590;101.651;58.501;114.912;137.435;129.505;115.634
CHUECA;86;40.423017132230584;-3.6976116419687672;220.226;236.215;261.714;237.331;238.914;219.763;210.267;138.659;197.263;227.725;222.139;223.053
LA RAMBLA;289;40.42440319207074;-3.547468135971445;96.071;94.850;100.116;88.904;94.972;90.942;79.047;52.026;90.642;108.755;103.459;95.091
BARRIO DEL PUERTO;287;40.42190475299581;-3.568819251863663;64.163;63.751;65.672;61.014;62.965;63.802;53.861;32.447;64.043;76.295;70.114;64.272
SAN FERNANDO;290;40.42362629228772;-3.53492465094285;73.040;71.659;77.577;68.151;72.319;70.367;60.714;42.276;66.596;78.893;75.256;72.027
HENARES;292;40.417075614571814;-3.5267199585678783;37.555;37.467;38.511;34.230;36.273;34.733;28.333;18.976;35.075;43.418;40.827;36.194
CRUZ DEL RAYO;169;40.4438168582396;-3.6779392959861257;135.938;130.463;137.509;122.008;124.839;121.524;97.691;59.171;105.773;135.848;127.960;113.101
BILBAO;56;40.42884388060323;-3.7010874050209885;444.973;440.754;464.917;420.720;426.611;390.607;297.840;131.379;212.893;387.773;390.738;359.774
BILBAO;9;40.42904693395561;-3.7021277694719936;444.973;440.754;464.917;420.720;426.611;390.607;297.840;131.379;212.893;387.773;390.738;359.774
EMBAJADORES;46;40.40559868595903;-3.7028725758403267;541.797;543.905;581.726;519.035;540.323;526.443;463.205;321.851;528.264;645.282;613.229;538.374
ALUCHE;100;40.38685597869368;-3.7614048985326685;461.952;454.458;494.690;445.484;476.477;463.667;423.840;332.183;454.412;518.976;500.350;480.313
ACACIAS;92;40.40439802265799;-3.706868521118051;129.301;128.623;135.772;120.814;130.227;126.887;110.567;72.587;121.414;145.309;140.345;128.325
LEGAZPI;110;40.39187051365681;-3.695365400540461;629.230;625.957;680.800;613.768;665.189;636.696;568.544;427.041;623.571;717.023;674.371;640.910
LEGAZPI;43;40.391861685250184;-3.695436334480302;629.230;625.957;680.800;613.768;665.189;636.696;568.544;427.041;623.571;717.023;674.371;640.910
OPORTO;96;40.3894515302415;-3.731789978648945;564.299;557.268;604.458;549.424;588.461;567.137;521.854;409.126;562.672;648.923;624.590;586.253
OPORTO;106;40.3894515302415;-3.73173086703241;564.299;557.268;604.458;549.424;588.461;567.137;521.854;409.126;562.672;648.923;624.590;586.253
SERRANO;59;40.42540963042602;-3.6865695920001453;255.496;234.066;241.504;221.403;219.286;217.449;203.960;121.642;202.202;253.278;256.735;263.612
MONTECARMELO;275;40.50368228356522;-3.694892507608186;94.326;93.122;98.472;87.304;93.194;93.425;80.446;43.815;90.284;107.087;98.996;86.049
ALFONSO XIII;66;40.44765721512157;-3.667571118445996;267.217;260.980;269.633;245.285;250.859;245.691;223.745;143.465;239.690;289.000;274.110;237.837
AVENIDA DE LA PAZ;67;40.452804176184074;-3.6607732825445423;107.089;106.625;111.154;97.797;100.251;96.941;83.948;50.309;96.190;124.611;120.153;104.025
ESPERANZA;69;40.458507326863966;-3.645309683659149;134.849;130.942;142.239;123.834;133.180;126.722;97.425;66.015;125.696;147.840;144.489;127.540
SAN LORENZO;72;40.47319779548833;-3.6389138067501294;147.653;140.677;148.625;135.160;142.117;140.394;127.075;86.460;130.347;152.467;142.414;125.235
CANILLEJAS;74;40.44848708534435;-3.60765558392675;193.288;187.927;206.368;189.266;201.602;204.279;187.580;142.270;188.426;219.422;207.250;201.794
TORRE ARIAS;75;40.442969331203585;-3.6165696157001337;136.920;138.257;150.598;135.785;144.765;140.744;124.905;87.573;129.961;154.757;149.310;137.481
SUANZES;76;40.440179554710014;-3.6264649003079885;199.688;210.851;240.316;196.050;201.313;197.210;185.232;125.075;187.118;227.198;207.632;178.173
QUINTANA;79;40.43316979984959;-3.647106676801794;230.978;230.676;247.538;224.445;240.128;224.445;200.774;149.701;215.860;251.580;241.932;231.810
EL CARMEN;80;40.43157185825042;-3.657368453432162;306.661;308.907;332.010;305.507;318.181;298.676;271.922;201.155;283.104;332.706;322.606;301.650
URGEL;95;40.39419238459924;-3.7239990675897134;247.667;235.259;254.206;233.295;270.461;237.981;219.477;170.275;227.934;262.056;255.877;247.759
VISTA ALEGRE;97;40.38987529375951;-3.740313873753202;200.378;201.220;212.730;196.760;213.991;201.317;186.445;148.118;192.158;228.158;219.926;219.236
